ticker,metric
WSFL,1.358038357
IVTY,0.981827457
TSRO,0.783247703
ARBU,0.760887739
FTLF,0.592258845
TNTRQ,0.525515763
PVAC,0.454776458
MERR,0.425009258
ZOES,0.419360119
EXCC,0.393451045
CYH,0.37338918
NTN,0.343944041
GCFB,0.340533162
CVRS,0.333104632
PBSV,0.295651613
ARII,0.291723744
RBNW,0.280087697
EVHC,0.276467262
REIS,0.273508024
IDT,0.265138914
WEB,0.259382999
PARF,0.255378699
ENG,0.252561618
RARX,0.252124823
VEND,0.245069305
UEIC,0.244376929
PKD,0.241141759
SHOS,0.238934691
SKY,0.230902353
PCTI,0.230536248
BV,0.227864255
MDXG,0.214715337
NPTN,0.209341096
SMSI,0.203226332
KERX,0.202781116
WBA,0.195817182
DUOT,0.194753931
SEND,0.190260322
PCG,0.1899576
GNC,0.179921873
GSB,0.177898597
AGEN,0.176949797
FLUX,0.17477466
CRIS,0.174654869
LOCO,0.174357969
CVOVQ,0.168714928
BWEN,0.168524482
KAR,0.160599318
CBM,0.158492868
PLAB,0.158020275
BOJA,0.155832321
AVGR,0.153058409
CLCT,0.151603868
PSIX,0.150391587
AMD,0.149719144
GKOS,0.148791272
CYTK,0.144751994
PPC,0.143764142
ELON,0.14147431
ENT,0.139556569
PI,0.138387206
PRGO,0.131493773
MDC,0.131289617
OPK,0.130423425
ACHN,0.1293691
PRSS,0.128991375
PRAA,0.128424381
TTWO,0.127158228
FNCB,0.126808153
HALL,0.126421075
FBM,0.123028704
EEI,0.121930252
AVP,0.121868726
PRO,0.121541507
GMS,0.120977075
GOGO,0.11893848
TTPH,0.118767069
SCON,0.118190924
TRHC,0.117216369
GNTX,0.11623671
CUTR,0.114293298
IEC,0.112933651
RELV,0.107054091
HDSN,0.105680713
RGEN,0.105097603
VCYT,0.102440654
CAG,0.102228518
LSCC,0.100575818
HHS,0.099498288
OSIS,0.099086073
SENEA,0.097695629
MNTA,0.097269623
TRTC,0.097238338
FRO,0.097144549
APRN,0.096515165
RRTS,0.09647486
MCRB,0.095716622
SMED,0.094121268
INT,0.093597875
WCUI,0.09309023
MRK,0.091539208
RNET,0.091324281
ANIK,0.091090165
WMS,0.090404839
PMTS,0.090210086
CECE,0.089966978
QCCO,0.089494587
CMD,0.088814894
POL,0.088614716
BKE,0.088097404
FLGT,0.087208469
ALEX,0.086655168
CRS,0.086154154
ERI,0.086070433
BIOC,0.08581178
ADMA,0.085599228
GBX,0.085312495
RDN,0.085251689
KEG,0.085165331
NAUH,0.08504565
NSA,0.084994312
DBD,0.08438419
SWCH,0.084198133
ERII,0.083673937
FEYE,0.083044295
GE,0.082016098
GSAT,0.081963288
OPY,0.081575437
TNAV,0.080614046
ORN,0.080327337
WDFC,0.080290424
XTNT,0.080008717
HSY,0.079284116
ABCD,0.078640889
VSI,0.077617005
PODD,0.077585225
WMT,0.076108584
QTWO,0.075874528
EIX,0.075850049
LXRX,0.075673357
OCC,0.075613728
TSQ,0.075564201
DXCM,0.075290999
AIZ,0.074965504
PHH,0.074540374
VSLR,0.074492903
CNND,0.074299455
BLL,0.073722922
SPAR,0.073374547
AKCA,0.073356663
GNMK,0.073131328
EPZM,0.072692993
SNAP,0.072644561
AET,0.072229714
VTR,0.071115489
ACHC,0.070845072
VEC,0.070687674
EVTC,0.070432958
OMF,0.070393769
HURN,0.069748662
ATUS,0.069589642
QCOM,0.069388194
RHI,0.068998158
SREV,0.06857956
MORN,0.067880013
GPN,0.06773475
CABO,0.06742619
SP,0.067280133
HCP,0.067152233
ICPT,0.065205826
OPTI,0.06474908
CLI,0.064326267
PINC,0.064261599
SHAK,0.063668671
MPX,0.063544149
GEL,0.062678453
LAUR,0.062542533
UVV,0.062282815
JMBA,0.06208118
CLDX,0.061888843
RUBI,0.061824549
KNX,0.061644199
WTR,0.060957838
PETQ,0.06082214
PG,0.060689397
CATO,0.060363167
PCRX,0.060284929
MATR,0.059721294
AIN,0.059405316
BID,0.059142881
OMN,0.058997202
CHEF,0.058654879
TSLA,0.058619316
CPB,0.058547547
UMH,0.058495376
RARE,0.058433105
SYKE,0.058417676
SYNC,0.058089609
HMSY,0.05784944
PESI,0.057825096
EFX,0.057643117
CB,0.057462694
SVU,0.057418011
EYE,0.057240426
BBOX,0.057152993
DISH,0.057079919
USPH,0.056850424
MMP,0.056278207
KVIL,0.056249758
CELG,0.056088648
OPOF,0.056086094
FC,0.054860395
AGN,0.054680207
CLH,0.054563587
RST,0.054025712
NSTG,0.05394918
IPHI,0.053723231
NUVA,0.053444266
FRED,0.053403527
ACIA,0.053257791
TPC,0.05322925
TRUE,0.053160333
JNCE,0.05298954
KHC,0.052960346
AMSF,0.05279093
LIND,0.052704919
ATNX,0.052061939
BKH,0.051952774
SUI,0.051833481
ACAD,0.051376648
OMC,0.05058659
PARR,0.050564246
PCH,0.050389007
KTOS,0.050257371
HBB,0.050200597
INOV,0.05005183
CMG,0.049577493
SPTN,0.049481918
EYES,0.049467361
FRC,0.049455775
NCSM,0.049267991
RMBS,0.048855667
NDLS,0.048545055
BRO,0.048514156
EMCI,0.048289882
HAS,0.048022081
MNRO,0.048012685
CATM,0.047922067
GLDD,0.04755982
SGEN,0.047475196
CTLT,0.047257596
ACBI,0.04684041
NWPX,0.046769739
ISIG,0.046734364
UDR,0.046693182
MDT,0.046518779
MLHR,0.046475716
KMX,0.046278842
CSPI,0.046056491
AON,0.04594929
TPH,0.045948884
DNB,0.045804531
ITRI,0.045758464
LUNA,0.04567534
EXEL,0.045600813
CWT,0.045299045
ALLE,0.045172549
MTH,0.044940357
BTN,0.04482759
LPNT,0.044740733
GIS,0.044676302
PLUG,0.044491394
CVS,0.044482091
SVT,0.044474046
RCII,0.044403752
MGRC,0.044313543
TBPH,0.044194203
TTEK,0.04353854
CERN,0.043442414
DCOM,0.043382006
CBL,0.043292901
MDSO,0.042800768
EQIX,0.042748141
JCI,0.042689967
REVG,0.042658611
COO,0.04240572
GRBK,0.042015561
KO,0.042003625
VIAV,0.041874756
CRUS,0.041448441
AJX,0.041402115
NAII,0.041396853
TGNA,0.041372716
JJSF,0.041208777
OKTA,0.041075982
CLGX,0.041021869
CBT,0.040832865
CSS,0.040757154
UNF,0.040698659
AP,0.040453338
FSS,0.040353815
PEGI,0.040193168
GD,0.04006087
LOCMQ,0.039973548
SO,0.039920657
MCK,0.039757428
ARC,0.039613357
KMB,0.039578713
DGX,0.039508379
ADT,0.038924744
ALGT,0.038851428
THFF,0.038795518
PTGX,0.038756763
SJM,0.038656779
HWKN,0.038446665
NCMI,0.038240221
DENN,0.038221167
IMKTA,0.038120201
AVA,0.038053678
ARMK,0.038043704
NOC,0.037899321
HSIC,0.037888468
CCF,0.037811468
DIS,0.037602765
ASPN,0.037552752
XNCR,0.037489698
PSDO,0.037313129
PNM,0.037069308
SABR,0.03703419
AMH,0.037009869
BDC,0.03678731
JBLU,0.0367585
WH,0.036710091
VVI,0.036383626
CVG,0.036265479
HTH,0.036261712
WSM,0.036245205
LLY,0.036115716
BRC,0.035877378
ZGCO,0.035805392
BCOV,0.035782799
DERM,0.035729016
NFBK,0.035716286
TSS,0.035703139
TLF,0.035431422
AMBK,0.035292269
AGO,0.035238695
MASI,0.034917853
IART,0.034911321
TGT,0.034765715
SAFM,0.034561348
REXR,0.034505857
GEN,0.034379193
PBHC,0.034370009
MSI,0.034349974
PZZA,0.034019115
KBAL,0.033825283
AIR,0.033502672
EEFT,0.033480553
FCNCA,0.033436353
NAVI,0.033404902
FIZZ,0.033013315
MSTR,0.032921987
COWN,0.032912269
NVEE,0.032787511
NCR,0.032744258
SBGI,0.032719619
MOBL,0.032611005
CVCY,0.032589973
VSEC,0.032116328
SGMA,0.031927738
TMUS,0.031908232
ATNI,0.031807009
EXTR,0.031742029
BLDR,0.031399722
NS,0.031386148
PSB,0.031338541
CSLT,0.031082518
PEBO,0.0310685
LAWS,0.031060097
CBOE,0.031033849
AAN,0.030804765
NATH,0.030803906
ICCH,0.030718867
IESC,0.030306721
LAD,0.030138456
AMT,0.030127926
MANT,0.030030261
INVH,0.030020771
AFG,0.029961348
JNJ,0.029883982
CNOB,0.02980765
KEYS,0.029793001
DHI,0.029772799
TPX,0.029772475
MYGN,0.029186639
JBL,0.029157434
OGE,0.028881783
OII,0.02888024
MANH,0.028867682
CLCN,0.028693056
SPKE,0.028673513
EGOV,0.028672868
ALIM,0.02867147
UFPI,0.028587601
ASTV,0.02848338
SXT,0.028464326
LKQ,0.028428859
POWI,0.028225943
PSA,0.028133323
FSLR,0.028075972
AAPL,0.027826222
BFAM,0.027446312
ETR,0.027342597
AEGN,0.027206079
MCS,0.027008934
FLS,0.026954377
AEP,0.026904179
ESS,0.026849428
PEP,0.02682538
CSGP,0.026792843
ATO,0.026728571
SANM,0.026719531
INCY,0.026624069
PKBK,0.026619214
DVLN,0.026532734
AGCO,0.026331605
THC,0.026329297
FPCG,0.026157264
MPAD,0.026081487
XEL,0.026004448
CRAY,0.025845997
CNSL,0.02583436
TDY,0.025770331
SFLY,0.025758497
INO,0.025732376
RH,0.02565885
GWRE,0.025546839
DJCO,0.025539068
CULP,0.025336805
ORCL,0.025208823
VPG,0.025177248
JBSS,0.02513559
CZWI,0.025010553
PLD,0.024916528
NNBR,0.024791342
ZBRA,0.024606624
MKL,0.024581021
AXE,0.024578881
MXL,0.024508743
RMD,0.024496473
K,0.024343735
EXPE,0.024279218
KMI,0.024231471
PRIM,0.024130246
SSYS,0.024025116
MJCO,0.023788868
UPS,0.023482523
CSII,0.023475366
JKHY,0.02343551
GIFOF,0.02343227
CFFN,0.023373477
ADTN,0.023315279
NX,0.023181903
SRCL,0.02313611
SJI,0.023090625
SHW,0.023060469
HNFSA,0.02305161
CMTL,0.023027017
PKG,0.022928271
PDCO,0.022903989
SRT,0.022876667
DISCA,0.022827859
LDOS,0.022803581
EQR,0.022780047
TNC,0.022621552
CMCSA,0.022384421
HFBK,0.022336799
AVB,0.022303974
SCL,0.022169648
FLXN,0.022155779
ECL,0.022130934
ADSW,0.022080273
D,0.022040321
WRI,0.021894095
SBAC,0.021880768
CG,0.021863016
WAFD,0.021762931
BRKS,0.02171035
SATS,0.021686538
RSG,0.021545665
CY,0.021465415
FND,0.021378887
KSU,0.021366323
ITI,0.021325297
CBB,0.021255916
CBS,0.021179153
JYNT,0.021137201
PRFT,0.021112209
B,0.021023233
LNT,0.020944345
UFPT,0.020847391
T,0.020667742
LCTC,0.020611259
WING,0.020456018
ARNC,0.020449427
AROC,0.020403155
CAH,0.020358344
SUN,0.019791829
CHCI,0.019781998
CLW,0.019747576
ZTS,0.019614632
SAH,0.019582483
TGI,0.019533864
PLPC,0.01953379
USCR,0.019358261
INWK,0.019324395
IR,0.019275375
SWX,0.019268632
EFBI,0.019170803
DUK,0.01916481
HHC,0.019146421
PLT,0.01913147
ZBH,0.018989641
HBMD,0.018887858
MTZ,0.018793266
SALM,0.01875236
LWAY,0.01871851
NEE,0.018593302
HSKA,0.01859122
ATEN,0.018555591
LTRX,0.018495792
L,0.018492117
JACK,0.018478345
MTSC,0.018417361
LHCG,0.018391833
MRCY,0.018323697
CSV,0.018206618
COUP,0.018133374
UE,0.018090843
HMN,0.017996575
TWX,0.017977301
DDS,0.017955602
ALB,0.017897181
MLM,0.017760403
ELGX,0.017732238
HELE,0.017708567
FUNC,0.017703108
CTL,0.017601706
TRV,0.017579465
CBSH,0.017562067
EXLS,0.017395053
SCI,0.017342264
TTS,0.017254912
GLP,0.017213649
ELY,0.017193708
WOR,0.017103076
USB,0.017082946
OMI,0.017068194
NRIM,0.01695958
CSU,0.016823082
STRM,0.016689624
ALRS,0.016549664
KRC,0.016456588
BAH,0.01633868
EME,0.016320805
AJRD,0.016276381
ECPG,0.016215318
OLBK,0.01615175
ALG,0.01614538
HRB,0.016138828
NCI,0.016114872
RNGR,0.016006434
MATW,0.016003307
ILG,0.015980339
CTAS,0.015822233
WCG,0.015669745
NSIT,0.015606914
WWD,0.015439768
LMT,0.015439181
CCLP,0.015428201
COHR,0.015388961
GABC,0.015339284
NHC,0.015317757
SIGI,0.015155301
ARDX,0.015026505
ACN,0.014987832
FMC,0.014961513
CCI,0.014762866
EMMS,0.014757777
GTPS,0.014712164
HR,0.014355842
LC,0.014339418
PFG,0.014306002
OAK,0.014305865
AWK,0.014294127
SITE,0.014272373
SCS,0.014263387
BRID,0.014231008
GSBC,0.014210213
CRVL,0.013958385
RBC,0.013924146
MDLZ,0.013923252
WINA,0.013845794
LYTS,0.013473536
AERO,0.013465541
SGC,0.013396136
PEGA,0.013358752
CTB,0.013259994
RRGB,0.013259502
TSN,0.013249285
GPK,0.013239831
CMTV,0.013174894
TTC,0.013121936
AMIN,0.012992003
TG,0.012900722
AMBA,0.012828706
ALL,0.012828488
ELS,0.012776056
HUBG,0.012726175
JAKK,0.0127219
HTGC,0.012709978
TESS,0.012592989
TTEC,0.012543796
XRX,0.012502994
APO,0.012363599
LARK,0.012306063
DAR,0.012296964
AYI,0.012227334
TRGP,0.012177743
RWT,0.012157981
CSFL,0.012033804
BMRC,0.012027376
BMY,0.011954908
DAL,0.011944903
TJX,0.011940656
ICE,0.011935538
CL,0.01191638
NWL,0.01188617
BOH,0.011757372
HBCP,0.011728083
FE,0.011723766
REGN,0.011588539
VNDA,0.011456687
VRAY,0.011394505
PPL,0.01124033
CIA,0.01121826
BC,0.011189673
SNBR,0.011044149
MPWR,0.011008987
PROV,0.010979449
WEN,0.010977269
CELP,0.010973527
BBBK,0.010956843
V,0.01095579
YUM,0.010952119
HOLX,0.010817708
TER,0.010793004
TMHC,0.010787235
ELMD,0.010604579
LBY,0.010495538
DTE,0.010452175
FBHS,0.010428701
HVT,0.010372338
SSBI,0.010227292
HBNC,0.010033372
NBCT,0.009968747
DOV,0.009968719
POR,0.009908747
MBII,0.009786057
BSX,0.00977126
CCOI,0.009716388
CLX,0.009506316
FISV,0.009476231
ABC,0.009410658
ICFI,0.009408934
SWKS,0.009327151
WM,0.009185477
AEE,0.009108582
DOOR,0.009095247
GILD,0.009092879
NEWT,0.009061332
KVHI,0.008851131
EL,0.008832373
RLI,0.008816829
TECD,0.008759593
MET,0.008751171
ETM,0.008724626
RUN,0.008671354
AGR,0.008668834
QSR,0.008622757
SYBT,0.008508743
INSG,0.008401272
EXR,0.008374757
HY,0.008358317
DOW,0.008341199
MG,0.008225902
CHGG,0.008143115
KLAC,0.007898357
ABMD,0.007871597
ATU,0.007779315
WU,0.007732185
LSI,0.007617006
CASS,0.007596474
FCBC,0.007529089
KNL,0.007524669
KEX,0.007522966
NWLI,0.00744111
MCD,0.007428667
PM,0.007367787
NEU,0.007202911
FLWS,0.007055925
ETH,0.007051706
SPWH,0.006962364
NEM,0.006952066
EVBN,0.006783812
CUBI,0.006776807
EW,0.006758047
WVVI,0.006733426
IMAX,0.006732494
GHC,0.006731639
COHN,0.00673107
ISBA,0.006714718
SEB,0.006696321
AEIS,0.006654295
HGV,0.006557075
SASR,0.006508797
LDHL,0.006310163
PLOW,0.006274857
AMRS,0.006005046
PZN,0.005979218
AWI,0.005964554
RRC,0.005942261
SEBC,0.00593954
MACE,0.005913386
SRNA,0.005892694
UTL,0.005869559
MWA,0.005728524
BAX,0.005725713
FHB,0.005598677
LCNB,0.005560449
FCN,0.005513158
MSFT,0.005485472
AVX,0.005373058
KPTI,0.005292701
BHB,0.005289101
MEDP,0.00507801
SNPS,0.00499376
APH,0.004967283
GBL,0.004942495
FIX,0.00479838
TMO,0.004775122
NDAQ,0.00477436
TSBK,0.004758359
EMKR,0.004652711
NWSA,0.004502482
BRKL,0.004438044
OMCL,0.004434497
ETN,0.004414858
PCAR,0.004383289
SLAB,0.004379079
FWRD,0.004358049
AXP,0.004324742
NP,0.004307753
HSC,0.004197294
DCI,0.004193817
LNN,0.004115345
CNMD,0.003922714
MRC,0.003859602
NNI,0.003843199
IFNY,0.003792479
MINI,0.003676258
SAM,0.003643089
NANO,0.003524654
UNVR,0.0034805
PRK,0.00347071
HLIT,0.003398425
BPOP,0.003365902
COKE,0.003354342
FNSR,0.00330024
BXP,0.003186953
CBU,0.003055119
ROG,0.002938958
SCOO,0.002932866
GIB,0.002931867
AHC,0.002912325
EIGI,0.002884655
EBTC,0.002819784
FMCB,0.002721087
RILY,0.002688159
CRLKP,0.002658848
BANF,0.002636888
ALLY,0.002616758
COTV,0.002546436
ADBE,0.002417078
FTV,0.002389292
PH,0.002383361
ENS,0.002346751
ENBL,0.002320037
WST,0.002297586
MOFG,0.002297034
MSEX,0.002293618
SYK,0.002219159
LL,0.002163146
MPB,0.002088621
PGR,0.002069407
VRSN,0.001976985
DLX,0.001962673
GATX,0.001957837
AMZN,0.001928363
ALE,0.001870233
NBTB,0.001851535
OUT,0.001726816
VRSK,0.001689593
CMI,0.001626061
LECO,0.001623545
AAL,0.001540265
FFIN,0.001502296
PRI,0.001430882
TFX,0.001413775
CNBKA,0.00138824
AME,0.001375897
LTXB,0.001280954
SONC,0.001266729
GLW,0.001227172
AMED,0.001160872
AMP,0.001144377
PHM,0.001077235
CXW,0.001045117
IBM,0.001018177
DPSGY,0.000997035
ANTM,0.000910208
AB,0.000844416
HIW,0.000819225
SYMC,0.000799903
NK,0.000750303
SBNY,0.000709252
AMPH,0.000572831
XYL,0.000555731
STI,0.000507002
ZNGA,0.000476432
LYV,0.000407581
LMAT,0.000372449
SC,0.000347607
CDNS,0.000286586
CTSH,0.000253358
HII,0.000250913
RDNT,0.00024177
HOG,0.000168435
DAKT,0.000154008
BRKR,9.73E-05
LEG,-5.27E-05
CBRL,-7.09E-05
HLX,-8.12E-05
IBKC,-9.96E-05
KBR,-0.000109151
BANC,-0.000185122
SNA,-0.000221966
SOBS,-0.000224757
DG,-0.000237258
CHSCP,-0.000278046
IBOC,-0.000391584
PPG,-0.000430383
CWST,-0.000486865
HON,-0.000511806
ACCO,-0.00057052
WTS,-0.000657076
ROLL,-0.000911892
MDRX,-0.000949385
BERK,-0.001110769
CWBC,-0.001126109
HCKT,-0.001128288
OGS,-0.001252542
WDC,-0.001256904
VIVO,-0.00128292
WLTW,-0.001315394
LOW,-0.001373811
ILMN,-0.001395533
WMB,-0.001410737
MMC,-0.001434683
JAX,-0.001544406
FORM,-0.001646156
FNWB,-0.001720738
CAC,-0.001772861
ITIC,-0.00184496
C,-0.001865358
ISBC,-0.001912164
ABT,-0.001951107
MMS,-0.002013965
HXL,-0.00202071
CLVS,-0.002208043
CFOK,-0.002247174
AMNB,-0.002325727
WABC,-0.002368022
DFS,-0.002443297
VNO,-0.002468282
ROL,-0.002487032
TIVO,-0.002488034
GES,-0.002522542
TRMK,-0.002567666
ANSS,-0.002608392
NEOG,-0.002740189
CNO,-0.002748793
STZ,-0.002754403
TLRA,-0.002760933
HUM,-0.002836674
BH,-0.002851997
WLDN,-0.002854962
FULT,-0.002858061
KTYB,-0.002881217
RTN,-0.002933348
TXT,-0.002991813
SYY,-0.003003144
PEBK,-0.003042371
PRU,-0.003058879
AFL,-0.003065506
ZIXI,-0.003078036
SPOK,-0.003143566
ROFO,-0.003198839
ORA,-0.003213874
MTD,-0.00322826
SBH,-0.003285135
MGM,-0.003286431
GEO,-0.003342292
GS,-0.003360522
FUL,-0.003574259
CE,-0.00359639
CALB,-0.003753342
LUV,-0.003756442
GRMN,-0.003764083
MA,-0.003778744
IT,-0.004166788
RXN,-0.004181034
GWR,-0.004259361
WNRP,-0.00431557
DNKN,-0.004337879
JPM,-0.004510951
BWXT,-0.00466683
YELP,-0.004697478
SRCE,-0.004752473
GRRB,-0.004782189
EBF,-0.004833556
RMCF,-0.004852866
ADP,-0.004924612
PSX,-0.00493167
ABG,-0.005052908
ZEN,-0.005072402
AKR,-0.005189567
BBSI,-0.005219186
CUZ,-0.005255014
PENN,-0.005276969
HBP,-0.005297205
AMWD,-0.005298171
ABCB,-0.005298915
RBBN,-0.005333554
VMC,-0.005356564
NATI,-0.005403818
MSA,-0.005427221
KISB,-0.00549672
AES,-0.0055716
WYY,-0.005669701
CMLS,-0.005720643
HD,-0.005864051
TEN,-0.006049626
NPK,-0.006138752
DYNE,-0.006139141
GBLI,-0.006174418
MDP,-0.006183157
SIGM,-0.006219072
BHGE,-0.006228728
BOKF,-0.006395045
AZZ,-0.006425812
BY,-0.00644326
CI,-0.006479702
TREE,-0.006512136
CZNC,-0.006651412
SWK,-0.006652257
RTIX,-0.006697755
HALO,-0.006707381
CVI,-0.006731621
LUVU,-0.006752537
CCBG,-0.006825882
CSX,-0.006837153
FGBI,-0.006906884
QRVO,-0.006951831
FIBK,-0.006958798
CTWS,-0.006971735
STBA,-0.007027197
AVT,-0.007042627
DNOW,-0.007086075
LBAI,-0.007202656
CARO,-0.007218373
FVE,-0.00729609
SFBS,-0.007307752
FRT,-0.007382093
SHLO,-0.007397523
WD,-0.007423288
BSPA,-0.007581618
ENTG,-0.007639474
PGC,-0.007685522
PNC,-0.007706765
PKI,-0.007716399
AMGN,-0.007721538
PLUS,-0.007725526
SBUX,-0.007754772
PX,-0.007884207
ES,-0.00788423
MCHP,-0.007897093
FMBH,-0.00791462
ONB,-0.007943713
AZPN,-0.00797558
DCP,-0.007976547
CCL,-0.008013949
SEE,-0.008045432
BLKB,-0.008070778
FRME,-0.008085866
KE,-0.008101423
WRLD,-0.008123422
HSTM,-0.008135557
BHRB,-0.008152258
TECH,-0.008183692
HWBK,-0.008220237
NTRS,-0.008230874
CMP,-0.008405784
CTBI,-0.008524755
OKE,-0.008561585
ABM,-0.008566406
JNPR,-0.008672558
REG,-0.008709805
HMST,-0.008746797
KBH,-0.008785552
EXPO,-0.008832091
WFC,-0.008853204
PFE,-0.008904325
MYOK,-0.00892341
IRM,-0.008941181
VCRA,-0.009082566
RGR,-0.00910937
CIEN,-0.009168217
FFMH,-0.00928655
MAT,-0.009298789
CHD,-0.009316492
THG,-0.009372856
KIM,-0.009433831
ANET,-0.009546958
WAIR,-0.009608921
AGYS,-0.009715415
HFWA,-0.009717164
ADMS,-0.009762336
MTRN,-0.009854441
BGS,-0.009861764
PFGC,-0.009922474
AQUA,-0.010020774
FNF,-0.010104055
NFG,-0.010113588
BSQR,-0.010130071
UIS,-0.010131728
ODC,-0.010164715
CDK,-0.010175887
SCSC,-0.010180475
SON,-0.010252088
FMNB,-0.01035298
JOE,-0.010547984
CMCO,-0.010563932
AVY,-0.010676724
SMID,-0.010720185
DHR,-0.01073737
CVX,-0.010903799
DECK,-0.01090522
CHRW,-0.010951249
PEN,-0.011001339
BPFH,-0.01100361
LGIH,-0.011051655
RF,-0.011074028
FB,-0.011118472
NDSN,-0.011249213
TACO,-0.011291421
KN,-0.011303621
XLNX,-0.01136403
HAE,-0.011431169
CIVB,-0.011432124
PRAH,-0.01150141
NI,-0.011606349
SLB,-0.011717897
GWB,-0.011789313
LM,-0.011816026
COLB,-0.011860091
HPQ,-0.011922922
FMBM,-0.012081252
MO,-0.012118275
ARAY,-0.012172651
ESBK,-0.012184233
PRA,-0.012213554
WEC,-0.012261529
HCI,-0.012458473
DIT,-0.012460659
SPXC,-0.012489935
MHGU,-0.012636584
FAST,-0.012653843
ADI,-0.012660821
PK,-0.012707402
VRTX,-0.012775203
PNFP,-0.012783534
CMC,-0.012811274
A,-0.012812414
BUSE,-0.012821798
AAON,-0.012823421
BSHI,-0.012853394
MCBC,-0.012932747
NKE,-0.013044267
NEOS,-0.013058381
CHH,-0.013076402
ITNM,-0.013091401
CEVA,-0.013206627
WHR,-0.013283039
EGHT,-0.013303572
WLK,-0.013308936
ADM,-0.013352263
LSTR,-0.01341642
FNB,-0.013457272
FBNC,-0.013462124
FLXS,-0.013492748
IVAC,-0.013502188
CWH,-0.013517172
MMM,-0.013684552
TVTY,-0.013756589
MHK,-0.013790678
GEF,-0.013922828
BHWB,-0.013967692
NBN,-0.014045859
MATX,-0.014060778
SPGI,-0.014178219
FTNT,-0.014204972
HPP,-0.014278725
TEL,-0.014367166
FBC,-0.014644672
IEX,-0.014674139
IP,-0.014713549
BGCP,-0.014723263
AYX,-0.014860685
ROST,-0.014967323
PLXS,-0.015024422
MIK,-0.015040955
HI,-0.015053895
IONS,-0.015150814
SCHL,-0.015193928
IVZ,-0.015206601
AIT,-0.015255924
FLIR,-0.015275563
LW,-0.015323882
PJC,-0.015328299
OCFC,-0.01557965
SEMG,-0.015583285
ORLY,-0.015691702
WY,-0.015708343
EWBC,-0.015725886
CR,-0.0157602
FCCO,-0.015790505
MSBI,-0.015816143
CBZ,-0.015839094
DRI,-0.015871822
ACIW,-0.015967932
INDB,-0.016034665
TKR,-0.016068584
BBT,-0.016133638
UMBF,-0.016169491
MAN,-0.016187862
HES,-0.016342783
DVA,-0.016356264
UTX,-0.016423384
INTU,-0.016438413
CNP,-0.016466589
HCA,-0.016620023
PPBI,-0.016652887
PBCT,-0.016658138
DPZ,-0.016755639
RBCAA,-0.016791938
PB,-0.016897838
WCN,-0.016936189
JCOM,-0.017135716
WTFC,-0.017190742
BCPC,-0.017204693
HFC,-0.017210217
AOS,-0.017364749
DFIN,-0.017405476
RP,-0.017419076
TMP,-0.017447734
TROW,-0.017462202
MS,-0.017567737
BJRI,-0.017628972
UNP,-0.017652555
FMBI,-0.017719215
VZ,-0.017756232
PAG,-0.017788447
COF,-0.017790899
NSC,-0.01784348
ROKU,-0.017917107
HNI,-0.017967352
EPAY,-0.018034398
F,-0.01816375
ENV,-0.018421524
VSAT,-0.018570827
WEBK,-0.018627386
CHDN,-0.018658157
CPRT,-0.018717581
PVBC,-0.018731851
SIG,-0.018808171
APPN,-0.018983823
FDS,-0.019015476
CBPX,-0.019208092
NYT,-0.019220938
BCEI,-0.019266819
ENR,-0.019332387
HDP,-0.019332637
DORM,-0.019357671
BIG,-0.019664584
HLT,-0.01973273
KMPR,-0.019812496
AERI,-0.019827236
WBT,-0.019907894
NBIX,-0.01993971
EEX,-0.019978032
AKBA,-0.02000098
BHE,-0.020154827
XRAY,-0.020174437
BKEP,-0.020211128
QADA,-0.02033257
BLK,-0.020395198
CVV,-0.020443145
PGNX,-0.020526681
FCF,-0.02056752
PKE,-0.020577458
ROK,-0.02061022
CLFD,-0.02061941
ALDR,-0.020682602
WNC,-0.020717551
CAKE,-0.020862158
DRAD,-0.020985446
RJF,-0.021132235
AAT,-0.021266778
KWR,-0.021278459
YOGA,-0.021301589
RMAX,-0.02132896
GOOGL,-0.021342361
OTTR,-0.021512211
FIEB,-0.021796698
CECO,-0.021835418
DGLY,-0.021857154
HTZ,-0.022092616
VRA,-0.022132989
RPD,-0.022146387
RNG,-0.02218642
DDD,-0.022245346
TDW,-0.022363134
NPO,-0.022524668
SMTC,-0.022578512
APPF,-0.02263361
MDB,-0.022742749
ATKR,-0.022885458
ASB,-0.022958855
CRY,-0.022969325
JWN,-0.023016758
INGR,-0.02307245
CUB,-0.023212833
TROX,-0.023216768
LPLA,-0.023220193
RCKY,-0.023234801
ONCE,-0.023300526
INTL,-0.023319523
EXAS,-0.023358666
ISCA,-0.023469027
MGLN,-0.023635679
MTB,-0.02375447
CHRS,-0.023903266
OSUR,-0.024219722
AMAT,-0.024220828
ALRM,-0.024248176
HCSG,-0.024297274
SPG,-0.024328116
BAC,-0.024431954
PFPT,-0.024458695
SPRT,-0.024523179
ARA,-0.02454587
XOM,-0.024560297
CSL,-0.02464665
MXIM,-0.024657673
RT,-0.024769908
FTR,-0.024869535
FOLD,-0.024955041
WRK,-0.02502242
LZB,-0.025025115
MAC,-0.025036403
CPSS,-0.025099223
ALXN,-0.025125766
SMRT,-0.025210675
ADSK,-0.025211713
FDX,-0.025368143
SKYW,-0.025381097
CZR,-0.025455548
VLO,-0.025544753
BIOS,-0.025557386
GDI,-0.025588289
PANW,-0.025636797
BFIN,-0.025765452
ORBC,-0.025778603
GGG,-0.025781707
CMXX,-0.025886039
GPI,-0.025909894
XLRN,-0.02606211
FELE,-0.026112403
RCL,-0.026120592
SD,-0.026182883
RM,-0.026250094
LUB,-0.026259367
BXS,-0.026264112
EXC,-0.026270766
CSCO,-0.026283805
AOSL,-0.026338821
TAP,-0.026563126
MLR,-0.02670637
EV,-0.026735411
TTMI,-0.026875158
ITEX,-0.026884347
PJT,-0.027159915
TCS,-0.027234752
MTOR,-0.027336697
CRMT,-0.027339808
MBWM,-0.027646954
HUBS,-0.027712244
BIIB,-0.027830071
SFM,-0.027868642
UAA,-0.027907317
PMBC,-0.027949527
ACNB,-0.027986491
BBBY,-0.028059083
H,-0.028129894
EPAM,-0.028132747
QCRH,-0.028134401
KALA,-0.0282532
CADE,-0.028344649
PWR,-0.028353627
JAG,-0.02839838
CTRN,-0.028424501
NJR,-0.028463172
CALM,-0.028609621
R,-0.028712616
SCHN,-0.028870004
LOB,-0.028917138
ADUS,-0.02908195
SNX,-0.029108423
OI,-0.029170713
REGI,-0.029300307
HCCI,-0.029405855
OPB,-0.029549332
III,-0.029565238
IPI,-0.029673754
AGIO,-0.029728466
CW,-0.029819999
STAY,-0.029944723
DFRG,-0.029996898
NUS,-0.03001242
EVH,-0.03002636
SSI,-0.030478188
SSP,-0.030490792
WERN,-0.030492693
MAR,-0.030509069
RVSB,-0.030541235
LEN,-0.030739491
URI,-0.030829211
PII,-0.030875583
NOW,-0.031015308
SMMF,-0.031427076
ZION,-0.031519144
MOH,-0.031558252
KR,-0.031822021
FLOW,-0.03188078
RAVN,-0.032000988
WYND,-0.032048761
ASH,-0.032176265
PYPL,-0.032176627
GNW,-0.032268384
GCP,-0.032362794
NBL,-0.03239463
KSS,-0.032399201
NRG,-0.03252529
STMP,-0.032560521
QUOT,-0.032617354
INST,-0.032636823
LAMR,-0.032736233
ECOL,-0.032815669
DE,-0.033097434
TBI,-0.033164001
HDS,-0.033534415
STXS,-0.033536156
MPC,-0.033773309
LYB,-0.033870992
EIG,-0.033939256
AN,-0.034016072
OXM,-0.034027314
ARTW,-0.034070496
KLIC,-0.034521951
SGA,-0.034551442
MUR,-0.034649039
UNH,-0.034659605
AMN,-0.034685562
RGS,-0.034811114
NGVT,-0.034923429
DOC,-0.03498425
HPE,-0.034997144
PNR,-0.035107798
CKH,-0.035287092
FFBC,-0.035397872
IBP,-0.035694065
IIVI,-0.035840346
EGBN,-0.035865879
TTGT,-0.036037744
GANS,-0.036050128
DLTR,-0.036162061
GBCI,-0.036209098
MN,-0.036281936
JBHT,-0.036335467
UVE,-0.03639831
MRIN,-0.036533424
SRI,-0.036673647
SUP,-0.036714633
ENLC,-0.036848934
GBT,-0.037019031
AMTD,-0.0370657
VLGEA,-0.037266594
KALU,-0.037302345
CF,-0.037351467
CME,-0.037528224
MKTY,-0.037560382
WAT,-0.037597599
CTS,-0.037640728
SKX,-0.037838573
ATRO,-0.03787211
RMBL,-0.037942106
CSOD,-0.037960186
ISRG,-0.038137515
OIS,-0.038151151
BWA,-0.038382833
CHUY,-0.03857396
PEIX,-0.038579268
CACC,-0.038653338
NOV,-0.038751111
PTC,-0.038810433
STT,-0.038938695
FARO,-0.039092653
SMBK,-0.039133282
BLMN,-0.039186355
PSTG,-0.039569642
HTLF,-0.039582978
SEM,-0.03980728
OCUL,-0.039819128
HRL,-0.040156939
RPAI,-0.040201262
CZBS,-0.040324557
VRNT,-0.040403532
LRCX,-0.04041964
PVH,-0.040448682
IDCC,-0.040470806
FFIV,-0.040566628
MMSI,-0.040613327
UFI,-0.040628773
ACLS,-0.040673204
INFN,-0.040796598
PAYX,-0.040845223
ENPH,-0.040861904
AVGO,-0.04102668
BKU,-0.041211044
CNC,-0.041232436
RDUS,-0.041323205
OC,-0.04135261
RUSHA,-0.041457033
GHDX,-0.041612433
GM,-0.041658165
COLM,-0.041966887
XONE,-0.041979344
FIVE,-0.041998213
HHER,-0.042113476
TXN,-0.042163107
SSTK,-0.042224205
FGEN,-0.042296478
TITN,-0.042425925
GCAP,-0.042545628
ISDR,-0.042557258
BBW,-0.042605959
DCO,-0.042613228
EVC,-0.042634443
LFUS,-0.042901652
BREW,-0.043159681
FARM,-0.043223231
GDDY,-0.043471989
BGFV,-0.043812764
TSCO,-0.043818439
SIF,-0.043895609
EHTH,-0.044020958
FCCY,-0.044037397
UHS,-0.044114136
CATS,-0.044118971
CVCO,-0.044194963
DXPE,-0.04428068
ZAGG,-0.044301208
MOS,-0.044339302
OLN,-0.044441998
MEI,-0.044451173
XEC,-0.044526485
FRPT,-0.044550668
CA,-0.044579083
YRCW,-0.044735091
BYD,-0.044772098
EQT,-0.044913656
HTLD,-0.044916064
GPC,-0.044941355
RCM,-0.045053579
CCMP,-0.045074835
DYNT,-0.045301447
MUEL,-0.045341069
ALOT,-0.045380074
FMCC,-0.045517012
INBK,-0.045628866
ARCB,-0.045684837
EAT,-0.046250557
XENT,-0.046259034
ABBV,-0.046310148
GTHX,-0.046323121
NGS,-0.046333785
PLBC,-0.046508705
RVNC,-0.046569998
ATGE,-0.046624962
ASUR,-0.046749551
CCS,-0.046759899
SOMC,-0.046785188
CHE,-0.046844185
OXBC,-0.047062088
BHF,-0.047226737
CAMP,-0.047254416
RTRX,-0.047455711
EVBG,-0.047508165
WMK,-0.047747572
MAS,-0.047990339
CRI,-0.048014904
BECN,-0.048094959
FIVN,-0.048228801
LMNX,-0.0483239
SCHW,-0.048428093
MHO,-0.048494644
FCFS,-0.048716606
CAT,-0.048717294
DIN,-0.048725664
FORR,-0.048931749
TXRH,-0.0489801
CNDT,-0.049079376
TBBK,-0.049575077
EBAY,-0.049609503
OSK,-0.049893801
WWW,-0.050014858
APTI,-0.050014878
BA,-0.050201776
WIRE,-0.050306888
MTX,-0.050470251
INAP,-0.050773646
RLH,-0.050783164
HIIQ,-0.050932001
INTC,-0.05106694
PXD,-0.051119528
PLNT,-0.051291795
BCC,-0.051394398
MMI,-0.05155675
WSBC,-0.051926429
COST,-0.052070339
CEMI,-0.052070678
ANDE,-0.052152385
AFSI,-0.052251137
APA,-0.052290484
SAIA,-0.052331874
RL,-0.052415495
AVGG,-0.052553809
ETFC,-0.052721128
KAMN,-0.052757973
BLUE,-0.052943808
ODFL,-0.053231196
MD,-0.05337575
COG,-0.053522787
FFNW,-0.05360809
SPR,-0.053618909
SYX,-0.053718031
EXTN,-0.053754636
TLYS,-0.053767171
AAP,-0.054060164
PLAY,-0.054208488
KMT,-0.054208701
TRUP,-0.054302261
THRM,-0.054346897
HNGR,-0.05441214
GCI,-0.054434429
ED,-0.054715715
REV,-0.05481339
CDE,-0.054842179
MBUU,-0.054946298
OLLI,-0.055012571
TCBI,-0.055024562
MNK,-0.055042192
AR,-0.055164678
TPR,-0.055497193
EPC,-0.055692884
GPS,-0.055720097
WIFI,-0.055738382
QUAD,-0.055764978
NTGR,-0.055814173
CGNX,-0.055950565
NUE,-0.05655488
MCHX,-0.05657196
APEI,-0.056750373
WCC,-0.05713387
NOVT,-0.057342175
PNK,-0.057658588
CRCM,-0.057683704
NGVC,-0.057688372
CLDR,-0.057759343
ANMP,-0.058104599
PBI,-0.05833332
MRTN,-0.058508269
CMA,-0.058529802
OOMA,-0.058601227
W,-0.058656279
ENTA,-0.058789284
FET,-0.058955081
ZUMZ,-0.059129128
REPH,-0.059403305
LRN,-0.059404235
LEE,-0.059449477
NLS,-0.059458792
COP,-0.059503812
RMR,-0.059702404
BAND,-0.060239728
BNFT,-0.060534158
TIF,-0.060827303
VSH,-0.060846134
TOL,-0.06100415
BSET,-0.061073557
PACB,-0.061085751
VAR,-0.061224813
ENAB,-0.061377993
FOE,-0.061506825
KFRC,-0.061665624
TAYD,-0.061935115
QDEL,-0.062086407
DXC,-0.062248608
CHS,-0.0624077
ANIP,-0.062836977
CRBP,-0.062921388
DS,-0.063003432
PAHC,-0.063113962
AVAV,-0.063198671
IPHS,-0.06358994
AZO,-0.063688241
M,-0.063771907
SGRY,-0.063815179
XPO,-0.063832006
NWHM,-0.064018149
ANGO,-0.064125552
EBIX,-0.064173707
LCUT,-0.064228185
WGO,-0.064578291
SGRP,-0.064868498
CC,-0.064955843
MITK,-0.065090837
LB,-0.065146664
TISI,-0.065271724
MOV,-0.065292487
EOG,-0.065545365
GCO,-0.065563542
PDCE,-0.065821814
PFBI,-0.065888126
TDOC,-0.065910996
DF,-0.066068587
ENVA,-0.066115
MHH,-0.066336207
HZO,-0.066449143
SCIL,-0.066563948
STX,-0.066674054
CLNE,-0.066991415
UTMD,-0.067275729
HBI,-0.067384443
AIMC,-0.067400238
NTRA,-0.067410191
HAL,-0.067503966
STAA,-0.067548198
PF,-0.067669476
GVP,-0.067772686
KLXI,-0.06853221
ACRS,-0.068544001
FFWM,-0.068841323
BPMC,-0.069023545
UNT,-0.069086169
GVA,-0.069322623
XELA,-0.069355559
MNI,-0.069362753
HLI,-0.0693838
CONN,-0.069428681
AA,-0.069544755
EBS,-0.069645854
OXY,-0.06966232
CPS,-0.069860505
FSTR,-0.069982099
CCO,-0.070119981
GLUU,-0.070297902
QLYS,-0.070307931
CALX,-0.070347962
LPSN,-0.070882012
CTEK,-0.070896967
CCC,-0.071151501
IDRA,-0.071260729
DY,-0.071298713
TILE,-0.071641361
LDL,-0.07172704
GIII,-0.071947822
BOLD,-0.072675534
ARW,-0.072818554
HUN,-0.072909892
ODP,-0.073053994
WTTR,-0.073332141
NEO,-0.073421577
PRLB,-0.073912861
GMED,-0.074614543
CISN,-0.074709734
DVAX,-0.074757056
TGEN,-0.074792883
LLNW,-0.075082079
FOSL,-0.075244582
TRIP,-0.075300289
SYNA,-0.075384792
CROX,-0.075416051
CORT,-0.075572395
PATK,-0.07565675
MSG,-0.075793281
SPLK,-0.076590086
TCMD,-0.076690442
KGHI,-0.076746009
NTAP,-0.077366759
MGNX,-0.077568267
AXDX,-0.077904745
ZEUS,-0.078011683
YEXT,-0.078012888
TUES,-0.078308673
DXLG,-0.078515145
EML,-0.078522092
ETCC,-0.078809111
NVDA,-0.079971751
RRD,-0.080500287
ADRO,-0.081107768
NVRO,-0.081462101
SYF,-0.081563953
RTEC,-0.081566521
SFIX,-0.08179815
BIOL,-0.082193745
CARB,-0.082452997
CTG,-0.082568563
AFH,-0.082613305
TLGT,-0.082631972
CAL,-0.082907622
VRTU,-0.082986462
BOX,-0.083624258
LOGM,-0.083627581
CARG,-0.083842075
MDCO,-0.08389528
MNKD,-0.084223361
GDEN,-0.084230318
SPSC,-0.084267408
FCX,-0.084401282
AMAG,-0.084508752
WPX,-0.084679886
TDC,-0.08476328
CVEO,-0.084808061
HEES,-0.085073422
MYL,-0.085088393
USNA,-0.086026322
LEA,-0.086033121
RNWK,-0.086052751
SLM,-0.086105203
DVN,-0.08612518
IRWD,-0.086517366
IVC,-0.087144688
EXPR,-0.087203043
TEX,-0.087708622
AMRC,-0.088597383
FL,-0.088650013
LKSD,-0.089641527
NGL,-0.09000439
PRGX,-0.090179818
ZGNX,-0.090323635
BEAT,-0.090608244
SQ,-0.091237419
EMN,-0.091311069
AEO,-0.091791653
FBAK,-0.091932683
ASNA,-0.092007692
BTU,-0.092936557
FLR,-0.093120746
VRTS,-0.093309577
HLNE,-0.093679533
HQY,-0.094341953
CARS,-0.094464552
PGTI,-0.094762552
NFLX,-0.094849645
AQMS,-0.09493657
NAV,-0.09506073
PRGS,-0.095177933
ALTR,-0.095733208
IMMU,-0.095850638
AXGN,-0.096062133
BLCM,-0.096350833
SXC,-0.096532009
MBIN,-0.097310002
APAM,-0.097891048
NVEC,-0.097912088
SMLP,-0.098765233
ECHO,-0.09893335
GTLS,-0.098981219
CREX,-0.099224139
BLIN,-0.099454282
PIR,-0.099463488
GDOT,-0.099671029
GLYC,-0.099925492
FLDM,-0.099969818
PFSW,-0.101058202
HIBB,-0.101310869
ATRC,-0.101399966
SM,-0.101781673
FRTA,-0.101909005
ICUI,-0.102297119
FNGN,-0.102310822
NVTA,-0.1025586
COL,-0.103068117
PBF,-0.103302654
NKTR,-0.104574096
NR,-0.105331045
PRMW,-0.105421286
VIRT,-0.105569267
DO,-0.105856912
MTW,-0.106262718
BELFB,-0.106390864
GPT,-0.106597464
DWSN,-0.106612821
PLCE,-0.106661556
URBN,-0.106897331
CRR,-0.106999768
DPLO,-0.107127511
AIRI,-0.107158513
CAR,-0.107879589
ADVM,-0.108038956
RES,-0.108876279
MKSI,-0.109090437
SRDX,-0.109308101
LE,-0.109902954
BGG,-0.109989704
WK,-0.110340686
GRPN,-0.110546174
TTI,-0.110866333
SAVE,-0.111623949
CERS,-0.111633169
GRUB,-0.11209918
GME,-0.112536
VICR,-0.112986282
MYRG,-0.113005891
CREE,-0.113856573
FMI,-0.114042649
ETSY,-0.114316936
FNHC,-0.114478716
DWCH,-0.115688592
CRSP,-0.115712817
FRGI,-0.115864478
GPOR,-0.116952792
FIT,-0.116977286
BZH,-0.11748879
BAS,-0.1189362
BLFS,-0.11919215
SGMO,-0.119990608
ACOR,-0.120040393
CTMX,-0.120349341
FGP,-0.121780759
PTCT,-0.122764433
AAOI,-0.124128093
BCOR,-0.125715472
EDIT,-0.126235511
SGMS,-0.126583335
SRPT,-0.12668554
BOOT,-0.128610222
GTT,-0.129909578
CENX,-0.130659315
UNFI,-0.130940786
IPGP,-0.133092294
PBPB,-0.133518085
AMEH,-0.133729064
AXL,-0.135176293
FEIM,-0.135336243
TLRD,-0.136585396
DAVE,-0.136996032
SAGE,-0.137395986
HZNP,-0.137489599
FCEL,-0.140303664
RIG,-0.14118482
JOUT,-0.141198525
ASIX,-0.141371261
GFF,-0.141488404
IMMR,-0.142515839
KFY,-0.144503528
ARNA,-0.145086125
IBKR,-0.145825014
IRBT,-0.146147566
EZPW,-0.146799663
AAC,-0.146831949
ALGN,-0.146923764
NEWR,-0.148840647
ETEC,-0.150380736
SRNE,-0.15192481
QNST,-0.152558401
ANDV,-0.154428302
CDXS,-0.154704133
ANF,-0.15537976
TTOO,-0.156547213
NTNX,-0.156626603
USAK,-0.159844679
FRAC,-0.160294391
LCI,-0.161223721
KIRK,-0.162437972
SMCI,-0.163453036
CAPC,-0.164290709
TTD,-0.164611261
CHK,-0.164876931
DVCR,-0.169704123
TUSK,-0.172605307
DEST,-0.173741843
BERY,-0.174822277
CNCE,-0.175765643
CCXI,-0.175900628
NFX,-0.176391404
OCN,-0.176501127
PFNX,-0.177985093
FNKO,-0.18077508
MOD,-0.181975777
SHSP,-0.181998775
TWOU,-0.182392668
AGLE,-0.183093254
LPTH,-0.184452057
COTY,-0.185463566
RAIL,-0.189114202
BW,-0.190810649
SSNC,-0.192564681
COLL,-0.193992613
STRI,-0.205678477
TNDM,-0.20680914
SND,-0.207431956
OAS,-0.209500988
OMER,-0.214421267
INSM,-0.216164751
NSP,-0.217618669
HBIO,-0.222551581
MTRX,-0.222968701
IIN,-0.223139464
STON,-0.223542656
SPPI,-0.223628743
IMGN,-0.223975355
USAT,-0.231054804
AMSC,-0.231898266
INUV,-0.233032552
INGN,-0.243390558
P,-0.249080064
RGNX,-0.254804652
ADXS,-0.261964498
CRC,-0.262209766
ATRA,-0.26649696
NVAX,-0.277940228
IZEA,-0.281072055
MED,-0.282145644
EMPR,-0.296095996
WTI,-0.305623057
PTSI,-0.338890155
CDNA,-0.34676105
RYAM,-0.370017975
TRXC,-0.37495854
ESND,-0.388987907
NVTR,-0.393803263
PEYE,-0.437937224
BLPG,-0.464879138
TLSRP,-0.467797578
RGSE,-0.511217213
IO,-0.522220328
OSTK,-0.533557175
EGL,-0.845548022
CFMS,-1.053308151
ALYE,-1.094846672
HALN,-1.296925931
SPIR,-3.709203706